input_data	prompt_template	generated_content	rating
Online Retailer	Describe the quality of customer support for {company}.	The customer support team at this online retailer is highly responsive and knowledgeable. They provide quick solutions to issues and are available 24/7 via multiple channels, including live chat, phone, and email.	Good
Airline	Evaluate the customer service experience with {company}.	The airline offers exceptional customer service, with friendly staff who go out of their way to assist passengers. They handle inquiries efficiently and provide regular updates on flight status, ensuring a smooth travel experience.	Good
Hotel Chain	Discuss the customer service standards at {company}.	The hotel chain maintains high customer service standards, with attentive staff who anticipate guests' needs. They offer personalized services, quick check-ins, and prompt responses to any issues, enhancing the overall stay.	Good
Tech Support	Assess the effectiveness of {company}'s tech support.	The tech support team is highly skilled and patient, offering clear instructions and quick resolutions to technical problems. Their availability around the clock ensures that users receive timely assistance whenever needed.	Good
Cable Provider	Describe the customer service experience with {company}.	The customer service representatives are often unhelpful and seem disinterested in resolving issues. Long wait times and frequent call transfers make the experience frustrating for customers.	Bad
Restaurant	Evaluate the service quality at {company}.	The restaurant's service is disappointing, with slow and inattentive staff. Orders are often incorrect, and complaints are not addressed adequately. The overall dining experience is negatively impacted by poor service.	Bad
Mobile Carrier	Discuss the customer support provided by {company}.	The mobile carrier's customer support is unreliable, with representatives who lack knowledge about their products and services. Resolution times are slow, and customers frequently have to follow up multiple times to get issues resolved.	Bad
E-commerce Platform	Assess the customer service of {company}.	The e-commerce platform has poor customer service, with delayed responses to inquiries and a lack of effective solutions. Refunds and returns are especially troublesome, leading to customer dissatisfaction.	Bad
Bank	Describe the customer service experience at {company}.	The bank's customer service is generally good, with friendly and helpful staff. However, there are occasional issues with long wait times during peak hours, which can be frustrating for customers.	Unsure
Utility Company	Evaluate the customer support provided by {company}.	The utility company offers decent customer support, but there are inconsistencies in service quality. Some representatives are very helpful, while others provide vague or unhelpful information.	Unsure
Insurance Company	Discuss the customer service standards of {company}.	The insurance company's customer service is a mixed bag. While some agents are knowledgeable and responsive, others seem uninterested in assisting customers, leading to an inconsistent experience.	Unsure
Online Subscription Service	Assess the effectiveness of customer support at {company}.	Customer support for the online subscription service is hit or miss. Some issues are resolved quickly, but others require multiple follow-ups, making the overall support experience variable.	Unsure
Fast Food Chain	Describe the service quality at {company}.	Service quality at the fast food chain is generally satisfactory, but it can vary significantly depending on the location. Some outlets have friendly and efficient staff, while others are less consistent in their service.	Unsure
Supermarket	Evaluate the customer service experience at {company}.	The supermarket's customer service is average. While most staff are courteous and helpful, there are occasional lapses in service quality, such as slow checkout lines and difficulty finding assistance in-store.	Unsure
Online Marketplace	Discuss the customer support experience with {company}.	The online marketplace provides a moderate level of customer support. Responses to inquiries are usually timely, but the quality of assistance can vary, with some representatives being more knowledgeable than others.	Unsure